
CREATE TABLE TEHSIL(
    AREA INT,
    SARPANCH VARCHAR(20),
    DATE_OF_ESTD DATE,
    VILLAGE_ID VARCHAR(20),
    POPULATION_COUNT INT NOT NULL,
    VOTER_COUNT INT,
    NAME_OF_VILLAGE VARCHAR(20),
    PRIMARY KEY(VILLAGE_ID)
);


INSERT INTO TEHSIL VALUES(5,'Rajeshwari Singh',          '01-01-1923', 'V001', 1000, 800, 'Chakradharpur');
INSERT INTO TEHSIL VALUES (92145,   'Mukesh Patel',      '15-05-1954', 'V002', 1500, 1200, 'Aurangabad');
INSERT INTO TEHSIL VALUES (637891,  'Sunita Devi',       '10-02-1987', 'V003', 800, 600, 'Nawada');
INSERT INTO TEHSIL VALUES (24610,   'Manish Sharma',     '01-01-1954', 'V004', 2000, 1600, 'Himmatnagar');
INSERT INTO TEHSIL VALUES (793456,  'Kavita Singh',      '20-11-1998', 'V005', 1200, 900, 'Lakhisarai');
INSERT INTO TEHSIL VALUES (465218,  'Alok Gupta',        '03-07-1976', 'V006', 900, 700, 'Bhagalpur');
INSERT INTO TEHSIL VALUES (8534,    'Priya Mishra',      '20-03-1949', 'V007', 2500, 2000, 'Chhapra');
INSERT INTO TEHSIL VALUES (319876,  'Vikram Singh',      '01-09-1980', 'V008', 1800, 1500, 'Jhansi');
INSERT INTO TEHSIL VALUES (542719,  'Rohit Kumar',       '01-07-1989', 'V009', 1100, 800, 'Buxar');
INSERT INTO TEHSIL VALUES (56435,   'Sarita Devi',       '13-05-1944', 'V010', 1400, 1100, 'Samastipur');

select * from tehsil;

CREATE TABLE POPULATION(
    NAME VARCHAR(20),
    ADHAR_ID VARCHAR(20) NOT NULL,
    VILLAGE_ID VARCHAR(20),
    FATHER_ID VARCHAR(20),
    DOB DATE,
    CASTE VARCHAR(20),
    GENDER VARCHAR(20),
    INCOME INT,
    PRIMARY KEY(ADHAR_ID),
    FOREIGN KEY(VILLAGE_ID) REFERENCES TEHSIL
);


INSERT INTO POPULATION VALUES ('Rajesh', 'ABC123456789', 'V001', 'XYZ123456789', '01-01-1990', 'SC', 'Male', 50000);
INSERT INTO POPULATION VALUES('Ritu', 'DEF234567890', 'V002', 'PQR234567890', '05-04-1985', 'ST', 'Female', 75000);
INSERT INTO POPULATION VALUES('Ritu', 'DEF234567890', 'V002', 'PQR234567890', '05-04-1985', 'ST', 'Female', 75000);
INSERT INTO POPULATION VALUES('Suresh', 'GHI345678901', 'V003', 'ABC345678901', '10-07-1992', 'OBC', 'Male', 60000);
INSERT INTO POPULATION VALUES('Riya', 'JKL456789012', 'V004', 'DEF456789012', '15-10-1980', 'SC', 'Female', 80000);
INSERT INTO POPULATION VALUES('Vikas', 'MNO567890123', 'V005', 'GHI567890123', '20-12-1987', 'General', 'Male', 55000);
INSERT INTO POPULATION VALUES('Pooja', 'PQR678901234', 'V006', 'JKL678901234', '25-03-1995', 'ST', 'Female', 40000);
INSERT INTO POPULATION VALUES('Alok', 'STU789012345', 'V007', 'MNO789012345', '30-06-1982', 'OBC', 'Male', 65000);
INSERT INTO POPULATION VALUES('Sakshi', 'VWX890123456', 'V008', 'PQR890123456', '02-09-1998', 'General', 'Female', 70000);
INSERT INTO POPULATION VALUES('Amit', 'YZA901234567', 'V009', 'STU901234567', '07-12-1989', 'SC', 'Male', 75000);
INSERT INTO POPULATION VALUES('Divya', 'BCD012345678', 'V010', 'VWX012345678', '14-02-1991', 'General', 'Female', 50000);
INSERT INTO POPULATION VALUES('Rahul', 'EFG123456789', 'V001', 'YZA123456789', '18-05-1993', 'OBC', 'Male', 60000);
INSERT INTO POPULATION VALUES('Neeraj', 'HIJ234567890', 'V002', 'BCD234567890', '22-08-1984', 'General', 'Male', 45000);
INSERT INTO POPULATION VALUES('Priya', 'KLM345678901', 'V003', 'EFG345678901', '27-11-1996', 'SC', 'Female', 55000);
INSERT INTO POPULATION VALUES('Rajni', 'NOP456789012', 'V004', 'HIJ456789012', '03-02-1986', 'ST', 'Female', 70000);
INSERT INTO POPULATION VALUES('Rakesh', 'QRS567890123', 'V005', 'KLM567890123', '08-06-1990', 'OBC', 'Male', 80000);
INSERT INTO POPULATION VALUES('Suman', 'TUV678901234', 'V006', 'NOP678901234', '13-09-1988', 'General', 'Female', 65000);
INSERT INTO POPULATION VALUES('Ankit', 'WXY789012345', 'V007', 'QRS789012345', '17-12-1992', 'SC', 'Male', 75000);
INSERT INTO POPULATION VALUES('John ', 'A123456789', 'V001', 'B123456789', '01-01-1980', 'General', 'Male', 50000);
INSERT INTO POPULATION VALUES('Jane ', 'A234567890', 'V002', 'B234567890', '02-02-1985', 'General', 'Female', 60000);
INSERT INTO POPULATION VALUES('Alice Smith', 'A345678901', 'V003', 'B345678901', '03-03-1990', 'SC', 'Female', 70000);

select * from population;

CREATE TABLE ARMS(
    ARMS_ID VARCHAR(20) NOT NULL,
    EXPIRY DATE,
    ISSUED_DATE DATE,
    TYPE VARCHAR(20),
    LICENCE_ID VARCHAR(20),
    ADHAR_ID VARCHAR(20) NOT NULL,
    PRIMARY KEY(ARMS_ID),
    FOREIGN KEY(ADHAR_ID) REFERENCES POPULATION 
);


INSERT INTO ARMS VALUES ('ARM001', '01-01-2025', '01-01-2020', 'Pistol', 'LIC001', 'JKL456789012');
INSERT INTO ARMS VALUES ('ARM002', '01-01-2025', '02-02-2021', 'Rifle', 'LIC002', 'MNO567890123');
INSERT INTO ARMS VALUES ('ARM003', '01-01-2025', '03-03-2019', 'Shotgun', 'LIC003', 'PQR678901234');
INSERT INTO ARMS VALUES ('ARM004', '01-01-2025', '04-04-2018', 'Pistol', 'LIC004', 'STU789012345');
INSERT INTO ARMS VALUES ('ARM005', '01-01-2025', '05-05-2020', 'Rifle', 'LIC005', 'VWX890123456');
INSERT INTO ARMS VALUES ('ARM006', '01-01-2025', '06-06-2021', 'Shotgun', 'LIC006', 'YZA901234567');
INSERT INTO ARMS VALUES ('ARM007', '01-01-2025', '07-07-2019', 'Pistol', 'LIC007', 'BCD012345678');
INSERT INTO ARMS VALUES ('ARM008', '01-01-2025', '08-08-2020', 'Rifle', 'LIC008', 'EFG123456789');
INSERT INTO ARMS VALUES ('ARM009', '01-01-2025', '09-09-2018', 'Shotgun', 'LIC009', 'ABC123456789');
INSERT INTO ARMS VALUES ('ARM010', '01-01-2025', '10-10-2021', 'Pistol', 'LIC010', 'DEF234567890');
INSERT INTO ARMS VALUES ('ARM011', '01-01-2025', '11-11-2019', 'Rifle', 'LIC011', 'GHI345678901');
INSERT INTO ARMS VALUES ('ARM012', '01-01-2025', '12-12-2017', 'Shotgun', 'LIC012', 'JKL456789012');
INSERT INTO ARMS VALUES ('ARM013', '01-01-2025', '13-01-2022', 'Pistol', 'LIC013', 'MNO567890123');
INSERT INTO ARMS VALUES ('ARM014', '01-01-2025', '14-02-2020', 'Rifle', 'LIC014', 'PQR678901234');
INSERT INTO ARMS VALUES ('ARM015', '01-01-2025', '15-03-2018', 'Shotgun', 'LIC015', 'STU789012345');
INSERT INTO ARMS VALUES ('ARM016', '01-01-2025', '16-04-2021', 'Pistol', 'LIC016', 'VWX890123456');
INSERT INTO ARMS VALUES ('ARM017', '01-01-2025', '17-05-2019', 'Rifle', 'LIC017', 'YZA901234567');
INSERT INTO ARMS VALUES ('ARM018', '01-01-2025', '18-06-2017', 'Shotgun', 'LIC018', 'BCD012345678');
INSERT INTO ARMS VALUES ('ARM019', '01-01-2025', '19-07-2020', 'Pistol', 'LIC019', 'EFG123456789');
INSERT INTO ARMS VALUES ('ARM020', '01-01-2025', '20-08-2018', 'Rifle', 'LIC020', 'ABC123456789');

select * from arms;

CREATE TABLE REVENUE(
   REVENUE_ID VARCHAR(20) NOT NULL,
   TYPE VARCHAR(20),
   AMOUNT INT,
   DATE_OF_COLLECTION DATE,
   ADHAR_ID VARCHAR(20) NOT NULL,
   PRIMARY KEY(REVENUE_ID),
   FOREIGN KEY(ADHAR_ID) REFERENCES POPULATION
);


INSERT INTO REVENUE VALUES ('R1A34', 'Income tax', 100000, '10-01-2022', 'GHI345678901');
INSERT INTO REVENUE VALUES ('R2B45', 'Property tax', 50000, '15-01-2022', 'JKL456789012');
INSERT INTO REVENUE VALUES ('R3C56', 'Agri produce tax', 75000, '20-01-2022', 'MNO567890123');
INSERT INTO REVENUE VALUES ('R4D67', 'Wealth tax', 25000, '25-01-2022', 'PQR678901234');
INSERT INTO REVENUE VALUES ('R5E78', 'Excise tax', 1000000, '02-02-2022', 'STU789012345');
INSERT INTO REVENUE VALUES ('R6F89', 'Corporate tax', 150000, '07-02-2022', 'VWX890123456');
INSERT INTO REVENUE VALUES ('R7G90', 'Lottery gambling revenue', 500000, '12-02-2022', 'YZA901234567');
INSERT INTO REVENUE VALUES ('R8H01', 'Miscellaneous tax', 10000, '17-02-2022', 'BCD012345678');
INSERT INTO REVENUE VALUES ('R9I12', 'Income tax', 125000, '22-02-2022', 'GHI345678901');
INSERT INTO REVENUE VALUES ('R10J23', 'Property tax', 75000, '27-02-2022', 'JKL456789012');
INSERT INTO REVENUE VALUES ('R11K34', 'Agri produce tax', 100000, '05-03-2022', 'MNO567890123');
INSERT INTO REVENUE VALUES ('R12L45', 'Wealth tax', 50000, '10-03-2022', 'PQR678901234');
INSERT INTO REVENUE VALUES ('R13M56', 'Excise tax', 2000000, '15-03-2022', 'STU789012345');
INSERT INTO REVENUE VALUES ('R14N67', 'Corporate tax', 200000, '20-03-2022', 'VWX890123456');
INSERT INTO REVENUE VALUES ('R15O78', 'Lottery gambling revenue', 750000, '25-03-2022', 'YZA901234567');
INSERT INTO REVENUE VALUES ('R16P89', 'Miscellaneous tax', 15000, '01-04-2022', 'BCD012345678');
INSERT INTO REVENUE VALUES ('R17Q90', 'Income tax', 150000, '06-04-2022', 'GHI345678901');
INSERT INTO REVENUE VALUES ('R18R01', 'Property tax', 100000, '11-04-2022', 'JKL456789012');
INSERT INTO REVENUE VALUES ('R19S12', 'Agri produce tax', 125000, '16-04-2022', 'MNO567890123');
INSERT INTO REVENUE VALUES ('R20T23', 'Wealth tax', 75000, '21-04-2022', 'PQR678901234');

select * from revenue;

CREATE TABLE COMPLAINTS(
    COMPLAIN_ID VARCHAR(20) NOT NULL,
    STATUS VARCHAR(20),
    TYPE VARCHAR(20),
    COMPLAIN_DATE DATE,
    PRIMARY KEY(COMPLAIN_ID)
);

INSERT INTO COMPLAINTS VALUES ('CMP01', 'Pending', 'Garbage collection', '01-04-2022');
INSERT INTO COMPLAINTS VALUES ('CMP02', 'Resolved', 'Water supply', '05-04-2022');
INSERT INTO COMPLAINTS VALUES ('CMP03', 'Pending', 'Street lights', '10-04-2022');
INSERT INTO COMPLAINTS VALUES ('CMP04', 'Resolved', 'Road repair', '15-04-2022');
INSERT INTO COMPLAINTS VALUES ('CMP05', 'Pending', 'Public transport', '20-04-2022');
INSERT INTO COMPLAINTS VALUES ('CMP06', 'Pending', 'Sanitation', '25-04-2022');
INSERT INTO COMPLAINTS VALUES ('CMP07', 'Resolved', 'Electricity supply', '30-04-2022');
INSERT INTO COMPLAINTS VALUES ('CMP08', 'Pending', 'Healthcare', '05-05-2022');
INSERT INTO COMPLAINTS VALUES ('CMP09', 'Resolved', 'Police', '10-05-2022');
INSERT INTO COMPLAINTS VALUES ('CMP010', 'Pending', 'Animal control', '15-05-2022');
INSERT INTO COMPLAINTS VALUES ('CMP011', 'Pending', 'Noise pollution', '20-05-2022');
INSERT INTO COMPLAINTS VALUES ('CMP012', 'Resolved', 'Fire department', '25-05-2022');
INSERT INTO COMPLAINTS VALUES ('CMP013', 'Pending', 'Municipal services', '30-05-2022');
INSERT INTO COMPLAINTS VALUES ('CMP014', 'Resolved', 'Public facilities', '05-06-2022');
INSERT INTO COMPLAINTS VALUES ('CMP015', 'Pending', 'Traffic', '10-06-2022');
INSERT INTO COMPLAINTS VALUES ('CMP016', 'Resolved', 'Waste management', '15-06-2022');
INSERT INTO COMPLAINTS VALUES ('CMP017', 'Pending', 'Schools', '20-06-2022');
INSERT INTO COMPLAINTS VALUES ('CMP018', 'Resolved', 'Housing', '25-06-2022');
INSERT INTO COMPLAINTS VALUES ('CMP019', 'Pending', 'Environment', '30-06-2022');
INSERT INTO COMPLAINTS VALUES ('CMP020', 'Resolved', 'Disaster management', '05-07-2022');

select * from complaints;

CREATE TABLE RAISED_IN
(
    VILLAGE_ID VARCHAR(20) NOT NULL,
    COMPLAIN_ID VARCHAR(20) NOT NULL,
    FOREIGN KEY(VILLAGE_ID) REFERENCES TEHSIL,
    FOREIGN KEY(COMPLAIN_ID) REFERENCES COMPLAINTS,
    PRIMARY KEY(VILLAGE_ID,COMPLAIN_ID)
);

INSERT INTO raised_in VALUES ('V001', 'CMP01');
INSERT INTO raised_in VALUES('V001', 'CMP015');
INSERT INTO raised_in VALUES('V001', 'CMP019');
INSERT INTO raised_in VALUES('V002', 'CMP010');
INSERT INTO raised_in VALUES('V002', 'CMP012');
INSERT INTO raised_in VALUES('V002', 'CMP018');
INSERT INTO raised_in VALUES('V003', 'CMP013');
INSERT INTO raised_in VALUES('V003', 'CMP016');
INSERT INTO raised_in VALUES('V003', 'CMP017');
INSERT INTO raised_in VALUES('V004', 'CMP01');
INSERT INTO raised_in VALUES('V004', 'CMP02');
INSERT INTO raised_in VALUES('V004', 'CMP03');
INSERT INTO raised_in VALUES('V004', 'CMP04');
INSERT INTO raised_in VALUES('V004', 'CMP05');
INSERT INTO raised_in VALUES('V004', 'CMP06');
INSERT INTO raised_in VALUES('V004', 'CMP07');
INSERT INTO raised_in VALUES('V004', 'CMP08');
INSERT INTO raised_in VALUES('V004', 'CMP09');
INSERT INTO raised_in VALUES('V008', 'CMP015');
INSERT INTO raised_in VALUES('V005', 'CMP011');
INSERT INTO raised_in VALUES('V005', 'CMP014');
INSERT INTO raised_in VALUES('V005', 'CMP018');
INSERT INTO raised_in VALUES('V006', 'CMP02');
INSERT INTO raised_in VALUES('V009', 'CMP05');
INSERT INTO raised_in VALUES('V006', 'CMP08');
INSERT INTO raised_in VALUES('V007', 'CMP03');
INSERT INTO raised_in VALUES('V007', 'CMP07');
INSERT INTO raised_in VALUES('V010', 'CMP09');
INSERT INTO raised_in VALUES('V007', 'CMP016');

select * from raised_in;

CREATE TABLE LAND_OWNERS(
    NAME VARCHAR(20),
    ADHAR_ID VARCHAR(20) NOT NULL,
    INCOME INT,
    NOMINEE_id VARCHAR(20),
    FOREIGN KEY(ADHAR_ID) REFERENCES  POPULATION,
    PRIMARY KEY(ADHAR_ID)
);

INSERT INTO LAND_OWNERS VALUES ('Rajesh', 'ABC123456789', 50000, 'KLM345678901');
INSERT INTO LAND_OWNERS VALUES('Ritu', 'DEF234567890', 75000, 'NOP456789012');
INSERT INTO LAND_OWNERS VALUES('Suresh', 'GHI345678901', 60000, 'QRS567890123');
INSERT INTO LAND_OWNERS VALUES('Riya', 'JKL456789012', 80000, 'TUV678901234');
INSERT INTO LAND_OWNERS VALUES('Vikas', 'MNO567890123', 55000, 'WXY789012345');
INSERT INTO LAND_OWNERS VALUES('Pooja', 'PQR678901234', 40000, 'KLM345678901');
INSERT INTO LAND_OWNERS VALUES('Alok', 'STU789012345', 65000, 'NOP456789012');
INSERT INTO LAND_OWNERS VALUES('Sakshi', 'VWX890123456', 70000, 'QRS567890123');

select * from land_owners;

CREATE TABLE LAND_RECORDS(
    PROPERTY_ID VARCHAR(20) NOT NULL,
    AREA INT,
    TYPE VARCHAR(20),
    ADHAR_ID VARCHAR(20)NOT NULL,
    VILLAGE_ID VARCHAR(20),
    FOREIGN KEY(ADHAR_ID) REFERENCES LAND_OWNERS,
    FOREIGN KEY(VILLAGE_ID) REFERENCES TEHSIL,
    PRIMARY KEY(PROPERTY_ID)
);

INSERT INTO LAND_RECORDS VALUES ('P001', 1000, 'Residential', 'ABC123456789', 'V002');
INSERT INTO LAND_RECORDS VALUES('P002', 2000, 'Commercial', 'DEF234567890', 'V003');
INSERT INTO LAND_RECORDS VALUES('P003', 3000, 'Industrial', 'GHI345678901', 'V004');
INSERT INTO LAND_RECORDS VALUES('P004', 4000, 'Agricultural', 'JKL456789012', 'V005');
INSERT INTO LAND_RECORDS VALUES ('P005', 5000, 'Recreational', 'MNO567890123', 'V006');
INSERT INTO LAND_RECORDS VALUES ('P006', 6000, 'Residential', 'PQR678901234', 'V007');
INSERT INTO LAND_RECORDS VALUES('P007', 7000, 'Commercial', 'STU789012345', 'V008');
INSERT INTO LAND_RECORDS VALUES('P008', 8000, 'Industrial', 'VWX890123456', 'V009');
INSERT INTO LAND_RECORDS VALUES ('P009', 9000, 'Agricultural', 'ABC123456789', 'V010');
INSERT INTO LAND_RECORDS VALUES('P010', 10000, 'Recreational', 'DEF234567890', 'V002');
INSERT INTO LAND_RECORDS VALUES('P011', 11000, 'Residential', 'GHI345678901', 'V003');
INSERT INTO LAND_RECORDS VALUES('P012', 12000, 'Commercial', 'JKL456789012', 'V004');
INSERT INTO LAND_RECORDS VALUES ('P013', 13000, 'Industrial', 'MNO567890123', 'V005');
INSERT INTO LAND_RECORDS VALUES ('P014', 14000, 'Agricultural', 'PQR678901234', 'V006');
INSERT INTO LAND_RECORDS VALUES ('P015', 15000, 'Recreational', 'STU789012345', 'V007');


select * from land_records;



